"cluster.id","students","mean_path","sd_path"
0,389,744.431876606684,209.444967581417
1,172,374.220930232558,179.864822611773
2,169,770.426035502959,250.146020754019
3,200,1070.39,402.278532847516
